Price,Close
Ticker,BBCA.JK
Date,
2015-01-02,2171.209228515625
2015-01-05,2167.10498046875
2015-01-06,2150.68798828125
2015-01-07,2154.79248046875
2015-01-08,2130.165771484375
2015-01-09,2121.95751953125
2015-01-12,2134.270751953125
2015-01-13,2134.270751953125
2015-01-14,2121.95751953125
2015-01-15,2126.0615234375
2015-01-16,2126.0615234375
2015-01-19,2134.270751953125
2015-01-20,2138.37451171875
2015-01-21,2146.583251953125
2015-01-22,2167.10498046875
2015-01-23,2187.627197265625
2015-01-26,2158.897216796875
2015-01-27,2167.10498046875
2015-01-28,2179.41845703125
2015-01-29,2187.627197265625
2015-01-30,2195.8359375
2015-02-02,2191.732177734375
2015-02-03,2216.35791015625
2015-02-04,2282.027099609375
2015-02-05,2249.192626953125
2015-02-06,2249.192626953125
2015-02-09,2265.6103515625
2015-02-10,2257.401611328125
2015-02-11,2286.132568359375
2015-02-12,2282.027099609375
2015-02-13,2302.54931640625
2015-02-16,2298.445068359375
2015-02-17,2310.758056640625
2015-02-18,2310.758056640625
2015-02-20,2306.653564453125
2015-02-23,2302.54931640625
2015-02-24,2306.653564453125
2015-02-25,2314.862548828125
2015-02-26,2310.758056640625
2015-02-27,2314.862548828125
2015-03-02,2335.384765625
2015-03-03,2364.1142578125
2015-03-04,2368.21923828125
2015-03-05,2380.531982421875
2015-03-06,2396.94921875
2015-03-09,2360.0107421875
2015-03-10,2368.21923828125
2015-03-11,2343.593505859375
2015-03-12,2331.27978515625
2015-03-13,2314.862548828125
2015-03-16,2323.071044921875
2015-03-17,2314.862548828125
2015-03-18,2335.384765625
2015-03-19,2339.4892578125
2015-03-20,2351.80224609375
2015-03-23,2372.32373046875
2015-03-24,2388.74169921875
2015-03-25,2401.053955078125
2015-03-26,2384.636962890625
2015-03-27,2372.32373046875
2015-03-30,2380.531982421875
2015-03-31,2433.8896484375
2015-04-01,2433.8896484375
2015-04-02,2429.78466796875
2015-04-06,2491.350341796875
2015-04-07,2511.872314453125
2015-04-08,2466.724853515625
2015-04-09,2474.932861328125
2015-04-10,2470.82958984375
2015-04-13,2466.724853515625
2015-04-14,2454.41064453125
2015-04-15,2421.576416015625
2015-04-16,2446.20263671875
2015-04-17,2437.609130859375
2015-04-20,2429.34521484375
2015-04-21,2462.398193359375
2015-04-22,2458.266357421875
2015-04-23,2462.398193359375
2015-04-24,2462.398193359375
2015-04-27,2346.714599609375
2015-04-28,2321.925537109375
2015-04-29,2231.03173828125
2015-04-30,2226.900146484375
2015-05-04,2268.215087890625
2015-05-05,2288.872802734375
2015-05-06,2264.083984375
2015-05-07,2264.083984375
2015-05-08,2276.478759765625
2015-05-11,2264.083984375
2015-05-12,2268.215087890625
2015-05-13,2268.215087890625
2015-05-15,2235.1630859375
2015-05-18,2247.558349609375
2015-05-19,2255.8212890625
2015-05-20,2293.0048828125
2015-05-21,2334.320556640625
2015-05-22,2371.504150390625
2015-05-25,2363.24072265625
2015-05-26,2371.504150390625
2015-05-27,2354.978515625
2015-05-28,2338.45166015625
2015-05-29,2334.320556640625
2015-06-01,2334.320556640625
2015-06-03,2247.558349609375
2015-06-04,2251.68994140625
2015-06-05,2255.8212890625
2015-06-08,2243.42626953125
2015-06-09,2197.9794921875
2015-06-10,2202.11083984375
2015-06-11,2206.242919921875
2015-06-12,2189.7158203125
2015-06-15,2197.9794921875
2015-06-16,2206.242919921875
2015-06-17,2268.215087890625
2015-06-18,2251.68994140625
2015-06-19,2264.083984375
2015-06-22,2268.215087890625
2015-06-23,2259.95263671875
2015-06-24,2251.68994140625
2015-06-25,2226.900146484375
2015-06-26,2239.29443359375
2015-06-29,2231.03173828125
2015-06-30,2231.03173828125
2015-07-01,2231.03173828125
2015-07-02,2247.558349609375
2015-07-03,2251.68994140625
2015-07-06,2247.558349609375
2015-07-07,2181.452880859375
2015-07-08,2202.11083984375
2015-07-09,2189.7158203125
2015-07-10,2197.9794921875
2015-07-13,2231.03173828125
2015-07-14,2247.558349609375
2015-07-15,2231.03173828125
2015-07-22,2239.29443359375
2015-07-23,2272.347412109375
2015-07-24,2268.215087890625
2015-07-27,2222.7685546875
2015-07-28,2148.401123046875
2015-07-29,2123.611572265625
2015-07-30,2115.3486328125
2015-07-31,2164.92724609375
2015-08-03,2189.7158203125
2015-08-04,2197.9794921875
2015-08-05,2264.083984375
2015-08-06,2280.6103515625
2015-08-07,2272.347412109375
2015-08-10,2288.872802734375
2015-08-11,2239.29443359375
2015-08-12,2173.1904296875
2015-08-13,2181.452880859375
2015-08-14,2189.7158203125
2015-08-18,2144.269287109375
2015-08-19,2098.82275390625
2015-08-20,2028.5867919921875
2015-08-21,1962.4813232421875
2015-08-24,1867.4561767578125
2015-08-25,1921.1661376953125
2015-08-26,1958.35009765625
2015-08-27,2082.296630859375
2015-08-28,2123.611572265625
2015-08-31,2131.875
2015-09-01,2078.1650390625
2015-09-02,2028.5867919921875
2015-09-03,2032.717529296875
2015-09-04,2024.4549560546875
2015-09-07,1970.7454833984375
2015-09-08,1950.087158203125
2015-09-09,1970.7454833984375
2015-09-10,1970.7454833984375
2015-09-11,1970.7454833984375
2015-09-14,1999.6654052734375
2015-09-15,1974.8763427734375
2015-09-16,1958.35009765625
2015-09-17,2020.323486328125
2015-09-18,2028.5867919921875
2015-09-21,2012.060302734375
2015-09-22,2007.9288330078125
2015-09-23,1962.4813232421875
2015-09-25,1950.087158203125
2015-09-28,1896.376953125
2015-09-29,1966.6129150390625
2015-09-30,2028.5867919921875
2015-10-01,1983.1390380859375
2015-10-02,1962.4813232421875
2015-10-05,2074.033203125
2015-10-06,2140.1376953125
2015-10-07,2148.401123046875
2015-10-08,2164.92724609375
2015-10-09,2181.452880859375
2015-10-12,2210.3740234375
2015-10-13,2140.1376953125
2015-10-15,2144.269287109375
2015-10-16,2115.3486328125
2015-10-19,2169.058837890625
2015-10-20,2181.452880859375
2015-10-21,2202.11083984375
2015-10-22,2214.505615234375
2015-10-23,2226.900146484375
2015-10-26,2255.8212890625
2015-10-27,2255.8212890625
2015-10-28,2243.42626953125
2015-10-29,2173.1904296875
2015-10-30,2131.875
2015-11-02,2111.216796875
2015-11-03,2173.1904296875
2015-11-04,2218.636474609375
2015-11-05,2239.29443359375
2015-11-06,2239.29443359375
2015-11-09,2169.058837890625
2015-11-10,2136.00634765625
2015-11-11,2144.269287109375
2015-11-12,2144.269287109375
2015-11-13,2145.09912109375
2015-11-16,2140.950439453125
2015-11-17,2178.292724609375
2015-11-18,2169.994384765625
2015-11-19,2149.248291015625
2015-11-20,2182.441650390625
2015-11-23,2207.3359375
2015-11-24,2236.379638671875
2015-11-25,2240.529052734375
2015-11-26,2244.67822265625
2015-11-27,2182.441650390625
2015-11-30,2053.818359375
2015-12-01,2199.03759765625
2015-12-02,2207.3359375
2015-12-03,2207.3359375
2015-12-04,2178.292724609375
2015-12-07,2194.888671875
2015-12-08,2161.695068359375
2015-12-09,2161.695068359375
2015-12-10,2240.529052734375
2015-12-11,2190.739501953125
2015-12-14,2190.739501953125
2015-12-15,2174.14306640625
2015-12-16,2236.379638671875
2015-12-17,2257.125732421875
2015-12-18,2194.888671875
2015-12-21,2186.59033203125
2015-12-22,2190.739501953125
2015-12-23,2186.59033203125
2015-12-28,2211.4853515625
2015-12-29,2199.03759765625
2015-12-30,2207.3359375
2016-01-04,2194.888671875
2016-01-05,2219.78369140625
2016-01-06,2190.739501953125
2016-01-07,2157.54638671875
2016-01-08,2157.54638671875
2016-01-11,2116.05517578125
2016-01-12,2174.14306640625
2016-01-13,2186.59033203125
2016-01-14,2161.695068359375
2016-01-15,2157.54638671875
2016-01-18,2153.397216796875
2016-01-19,2169.994384765625
2016-01-20,2161.695068359375
2016-01-21,2149.248291015625
2016-01-22,2157.54638671875
2016-01-25,2178.292724609375
2016-01-26,2157.54638671875
2016-01-27,2174.14306640625
2016-01-28,2182.441650390625
2016-01-29,2174.14306640625
2016-02-01,2194.888671875
2016-02-02,2174.14306640625
2016-02-03,2165.8447265625
2016-02-04,2182.441650390625
2016-02-05,2228.081298828125
2016-02-09,2207.3359375
2016-02-10,2203.18701171875
2016-02-11,2215.634521484375
2016-02-12,2203.18701171875
2016-02-15,2215.634521484375
2016-02-16,2223.9326171875
2016-02-17,2223.9326171875
2016-02-18,2223.9326171875
2016-02-19,2165.8447265625
2016-02-22,2186.59033203125
2016-02-23,2174.14306640625
2016-02-24,2161.695068359375
2016-02-25,2169.994384765625
2016-02-26,2215.634521484375
2016-02-29,2236.379638671875
2016-03-01,2223.9326171875
2016-03-02,2232.23095703125
2016-03-03,2244.67822265625
2016-03-04,2252.9765625
2016-03-07,2252.9765625
2016-03-08,2223.9326171875
2016-03-10,2223.9326171875
2016-03-11,2223.9326171875
2016-03-14,2223.9326171875
2016-03-15,2252.9765625
2016-03-16,2257.125732421875
2016-03-17,2277.870849609375
2016-03-18,2273.72216796875
2016-03-21,2286.169189453125
2016-03-22,2265.423828125
2016-03-23,2240.529052734375
2016-03-24,2211.4853515625
2016-03-28,2186.59033203125
2016-03-29,2169.994384765625
2016-03-30,2178.292724609375
2016-03-31,2207.3359375
2016-04-01,2207.3359375
2016-04-04,2211.4853515625
2016-04-05,2211.4853515625
2016-04-06,2165.8447265625
2016-04-07,2174.14306640625
2016-04-08,2169.994384765625
2016-04-11,2169.994384765625
2016-04-12,2165.8447265625
2016-04-13,2165.8447265625
2016-04-14,2165.8447265625
2016-04-15,2183.412353515625
2016-04-18,2183.412353515625
2016-04-19,2183.412353515625
2016-04-20,2191.778076171875
2016-04-21,2191.778076171875
2016-04-22,2195.9609375
2016-04-25,2191.778076171875
2016-04-26,2166.681640625
2016-04-27,2183.412353515625
2016-04-28,2179.229248046875
2016-04-29,2183.412353515625
2016-05-02,2191.778076171875
2016-05-03,2183.412353515625
2016-05-04,2191.778076171875
2016-05-09,2195.9609375
2016-05-10,2204.326416015625
2016-05-11,2200.14404296875
2016-05-12,2200.14404296875
2016-05-13,2200.14404296875
2016-05-16,2179.229248046875
2016-05-17,2175.046630859375
2016-05-18,2179.229248046875
2016-05-19,2170.864013671875
2016-05-20,2179.229248046875
2016-05-23,2191.778076171875
2016-05-24,2170.864013671875
2016-05-25,2175.046630859375
2016-05-26,2179.229248046875
2016-05-27,2175.046630859375
2016-05-30,2208.509033203125
2016-05-31,2175.046630859375
2016-06-01,2204.326416015625
2016-06-02,2200.14404296875
2016-06-03,2195.9609375
2016-06-06,2195.9609375
2016-06-07,2191.778076171875
2016-06-08,2191.778076171875
2016-06-09,2175.046630859375
2016-06-10,2162.49853515625
2016-06-13,2137.40185546875
2016-06-14,2149.949951171875
2016-06-15,2162.49853515625
2016-06-16,2175.046630859375
2016-06-17,2158.31591796875
2016-06-20,2145.767333984375
2016-06-21,2145.767333984375
2016-06-22,2158.31591796875
2016-06-23,2166.681640625
2016-06-24,2137.40185546875
2016-06-27,2141.5849609375
2016-06-28,2179.229248046875
2016-06-29,2225.240234375
2016-06-30,2229.423095703125
2016-07-01,2212.691650390625
2016-07-11,2258.70263671875
2016-07-12,2300.530517578125
2016-07-13,2308.89599609375
2016-07-14,2317.26123046875
2016-07-15,2342.3583984375
2016-07-18,2333.99267578125
2016-07-19,2392.55126953125
2016-07-20,2417.6484375
2016-07-21,2434.379638671875
2016-07-22,2430.196533203125
2016-07-25,2426.01318359375
2016-07-26,2400.917236328125
2016-07-27,2434.379638671875
2016-07-28,2413.46533203125
2016-07-29,2417.6484375
2016-08-01,2488.755859375
2016-08-02,2509.669677734375
2016-08-03,2505.486083984375
2016-08-04,2509.669677734375
2016-08-05,2526.40087890625
2016-08-08,2526.40087890625
2016-08-09,2509.669677734375
2016-08-10,2501.303955078125
2016-08-11,2501.303955078125
2016-08-12,2509.669677734375
2016-08-15,2518.035888671875
2016-08-16,2530.5830078125
2016-08-18,2543.131591796875
2016-08-19,2559.863037109375
2016-08-22,2559.863037109375
2016-08-23,2555.6796875
2016-08-24,2559.863037109375
2016-08-25,2551.49755859375
2016-08-26,2543.131591796875
2016-08-29,2513.852294921875
2016-08-30,2509.669677734375
2016-08-31,2518.035888671875
2016-09-01,2509.669677734375
2016-09-02,2509.669677734375
2016-09-05,2509.669677734375
2016-09-06,2513.852294921875
2016-09-07,2543.131591796875
2016-09-08,2538.94873046875
2016-09-09,2518.035888671875
2016-09-13,2513.852294921875
2016-09-14,2505.486083984375
2016-09-15,2526.40087890625
2016-09-16,2526.40087890625
2016-09-19,2551.49755859375
2016-09-20,2526.40087890625
2016-09-21,2538.94873046875
2016-09-22,2568.228515625
2016-09-23,2589.142333984375
2016-09-26,2568.228515625
2016-09-27,2676.981201171875
2016-09-28,2580.777587890625
2016-09-29,2630.970458984375
2016-09-30,2626.787841796875
2016-10-03,2672.798583984375
2016-10-04,2668.615478515625
2016-10-05,2643.518310546875
2016-10-06,2639.335693359375
2016-10-07,2643.518310546875
2016-10-10,2626.787841796875
2016-10-11,2643.518310546875
2016-10-12,2610.056640625
2016-10-13,2584.959228515625
2016-10-14,2643.518310546875
2016-10-17,2660.25
2016-10-18,2685.346435546875
2016-10-19,2672.798583984375
2016-10-20,2635.15283203125
2016-10-21,2643.518310546875
2016-10-24,2622.6044921875
2016-10-25,2593.32470703125
2016-10-26,2593.32470703125
2016-10-27,2597.508056640625
2016-10-28,2610.056640625
2016-10-31,2597.508056640625
2016-11-01,2584.959228515625
2016-11-02,2589.142333984375
2016-11-03,2580.777587890625
2016-11-04,2593.32470703125
2016-11-07,2576.594482421875
2016-11-08,2593.32470703125
2016-11-09,2559.863037109375
2016-11-10,2547.31494140625
2016-11-11,2455.292724609375
2016-11-14,2405.10009765625
2016-11-15,2434.379638671875
2016-11-16,2463.6591796875
2016-11-17,2467.841796875
2016-11-18,2463.6591796875
2016-11-21,2463.6591796875
2016-11-22,2451.110595703125
2016-11-23,2459.475830078125
2016-11-24,2434.379638671875
2016-11-25,2430.196533203125
2016-11-28,2405.10009765625
2016-11-29,2400.917236328125
2016-11-30,2392.55126953125
2016-12-01,2437.94775390625
2016-12-02,2467.371826171875
2016-12-05,2463.167724609375
2016-12-06,2467.371826171875
2016-12-07,2463.167724609375
2016-12-08,2471.57470703125
2016-12-09,2471.57470703125
2016-12-13,2471.57470703125
2016-12-14,2479.982177734375
2016-12-15,2484.18505859375
2016-12-16,2488.388427734375
2016-12-19,2475.778564453125
2016-12-20,2484.18505859375
2016-12-21,2467.371826171875
2016-12-22,2446.354736328125
2016-12-23,2429.541015625
2016-12-27,2488.388427734375
2016-12-28,2475.778564453125
2016-12-29,2580.862060546875
2016-12-30,2606.08251953125
2017-01-02,2606.08251953125
2017-01-03,2652.319580078125
2017-01-04,2639.708740234375
2017-01-05,2635.505859375
2017-01-06,2622.895751953125
2017-01-09,2580.862060546875
2017-01-10,2589.269287109375
2017-01-11,2572.455322265625
2017-01-12,2576.658203125
2017-01-13,2568.25244140625
2017-01-16,2551.4384765625
2017-01-17,2551.4384765625
2017-01-18,2572.455322265625
2017-01-19,2585.06591796875
2017-01-20,2564.04833984375
2017-01-23,2530.421630859375
2017-01-24,2530.421630859375
2017-01-25,2513.608154296875
2017-01-26,2572.455322265625
2017-01-27,2589.269287109375
2017-01-30,2597.67578125
2017-01-31,2572.455322265625
2017-02-01,2593.47216796875
2017-02-02,2597.67578125
2017-02-03,2601.879150390625
2017-02-06,2622.895751953125
2017-02-07,2627.09912109375
2017-02-08,2622.895751953125
2017-02-09,2627.09912109375
2017-02-10,2522.014404296875
2017-02-13,2610.28515625
2017-02-14,2606.08251953125
2017-02-15,2606.08251953125
2017-02-16,2606.08251953125
2017-02-17,2601.879150390625
2017-02-20,2597.67578125
2017-02-21,2606.08251953125
2017-02-22,2606.08251953125
2017-02-23,2606.08251953125
2017-02-24,2606.08251953125
2017-02-27,2606.08251953125
2017-02-28,2597.67578125
2017-03-01,2606.08251953125
2017-03-02,2606.08251953125
2017-03-03,2601.879150390625
2017-03-06,2601.879150390625
2017-03-07,2597.67578125
2017-03-08,2606.08251953125
2017-03-09,2627.09912109375
2017-03-10,2627.09912109375
2017-03-13,2614.489013671875
2017-03-14,2635.505859375
2017-03-15,2631.302001953125
2017-03-16,2669.13232421875
2017-03-17,2681.74267578125
2017-03-20,2702.759033203125
2017-03-21,2732.182861328125
2017-03-22,2744.79296875
2017-03-23,2791.0302734375
2017-03-24,2782.623291015625
2017-03-27,2782.623291015625
2017-03-29,2807.843017578125
2017-03-30,2828.859619140625
2017-03-31,2782.623291015625
2017-04-03,2786.8271484375
2017-04-04,2816.25
2017-04-05,2816.25
2017-04-06,2912.927734375
2017-04-07,2917.131103515625
2017-04-10,2917.131103515625
2017-04-11,2933.9443359375
2017-04-12,2967.571044921875
2017-04-13,2917.131103515625
2017-04-17,2867.156494140625
2017-04-18,2867.156494140625
2017-04-19,2867.156494140625
2017-04-20,2934.91796875
2017-04-21,2960.328857421875
2017-04-25,2947.62353515625
2017-04-26,3049.265625
2017-04-27,2968.799072265625
2017-04-28,3006.91455078125
2017-05-02,3032.3251953125
2017-05-03,3006.91455078125
2017-05-04,3019.61962890625
2017-05-05,3011.1494140625
2017-05-08,3040.795166015625
2017-05-09,3049.265625
2017-05-10,3036.56005859375
2017-05-12,3049.265625
2017-05-15,3091.616455078125
2017-05-16,2947.62353515625
2017-05-17,2871.39111328125
2017-05-18,2947.62353515625
2017-05-19,3032.3251953125
2017-05-22,2989.974365234375
2017-05-23,2998.4443359375
2017-05-24,2960.328857421875
2017-05-26,2977.269287109375
2017-05-29,3011.1494140625
2017-05-30,2981.50390625
2017-05-31,2905.272216796875
2017-06-01,2905.272216796875
2017-06-02,2973.033935546875
2017-06-05,3002.6796875
2017-06-06,2973.033935546875
2017-06-07,3015.384765625
2017-06-08,3036.56005859375
2017-06-09,2998.4443359375
2017-06-12,3006.91455078125
2017-06-13,3028.090087890625
2017-06-14,3045.030517578125
2017-06-15,3057.735595703125
2017-06-16,3015.384765625
2017-06-19,3036.56005859375
2017-06-20,3066.205810546875
2017-06-21,3083.146484375
2017-06-22,3074.676025390625
2017-06-23,3074.676025390625
2017-06-26,3074.676025390625
2017-06-27,3074.676025390625
2017-06-28,3074.676025390625
2017-06-29,3074.676025390625
2017-06-30,3074.676025390625
2017-07-03,3133.967529296875
2017-07-04,3142.4375
2017-07-05,3108.556884765625
2017-07-06,3087.381591796875
2017-07-07,3133.967529296875
2017-07-10,3100.086669921875
2017-07-11,3104.32177734375
2017-07-12,3121.26171875
2017-07-13,3133.967529296875
2017-07-14,3117.027099609375
2017-07-17,3100.086669921875
2017-07-18,3108.556884765625
2017-07-19,3129.732421875
2017-07-20,3125.4970703125
2017-07-21,3087.381591796875
2017-07-24,3146.672607421875
2017-07-25,3146.672607421875
2017-07-26,3180.552734375
2017-07-27,3184.788330078125
2017-07-28,3184.788330078125
2017-07-31,3167.84814453125
2017-08-01,3205.964111328125
2017-08-02,3205.964111328125
2017-08-03,3176.318115234375
2017-08-04,3146.672607421875
2017-08-07,3155.142578125
2017-08-08,3218.669189453125
2017-08-09,3214.433837890625
2017-08-10,3189.023193359375
2017-08-11,3163.613037109375
2017-08-14,3176.318115234375
2017-08-15,3163.613037109375
2017-08-16,3201.728271484375
2017-08-17,3201.728271484375
2017-08-18,3167.84814453125
2017-08-21,3184.788330078125
2017-08-22,3184.788330078125
2017-08-23,3244.07958984375
2017-08-24,3210.19873046875
2017-08-25,3235.609619140625
2017-08-28,3231.374267578125
2017-08-29,3231.374267578125
2017-08-30,3235.609619140625
2017-08-31,3210.19873046875
2017-09-01,3210.19873046875
2017-09-04,3197.49365234375
2017-09-05,3218.669189453125
2017-09-06,3201.728271484375
2017-09-07,3210.19873046875
2017-09-08,3193.258544921875
2017-09-11,3201.728271484375
2017-09-12,3222.904052734375
2017-09-13,3227.13916015625
2017-09-14,3235.609619140625
2017-09-15,3197.49365234375
2017-09-18,3214.433837890625
2017-09-19,3231.374267578125
2017-09-20,3227.13916015625
2017-09-21,3227.13916015625
2017-09-22,3366.897216796875
2017-09-25,3333.0166015625
2017-09-26,3328.78173828125
2017-09-27,3345.72216796875
2017-09-28,3358.427001953125
2017-09-29,3438.89453125
2017-10-02,3443.129150390625
2017-10-03,3447.364013671875
2017-10-04,3443.129150390625
2017-10-05,3434.65869140625
2017-10-06,3464.304443359375
2017-10-09,3447.364013671875
2017-10-10,3451.59912109375
2017-10-11,3451.59912109375
2017-10-12,3523.595458984375
2017-10-13,3502.41943359375
2017-10-16,3510.890869140625
2017-10-17,3472.774658203125
2017-10-18,3421.953125
2017-10-19,3443.129150390625
2017-10-20,3447.364013671875
2017-10-23,3557.47607421875
2017-10-24,3489.71484375
2017-10-25,3565.947265625
2017-10-26,3519.360595703125
2017-10-27,3438.89453125
2017-10-30,3460.0693359375
2017-10-31,3540.53564453125
2017-11-01,3612.532470703125
2017-11-02,3637.943359375
2017-11-03,3561.711181640625
2017-11-06,3557.47607421875
2017-11-07,3565.947265625
2017-11-08,3523.595458984375
2017-11-09,3523.595458984375
2017-11-10,3498.185302734375
2017-11-13,3468.53955078125
2017-11-14,3468.53955078125
2017-11-15,3561.711181640625
2017-11-16,3561.711181640625
2017-11-17,3587.121826171875
2017-11-20,3561.711181640625
2017-11-21,3578.652099609375
2017-11-22,3587.121826171875
2017-11-23,3557.47607421875
2017-11-24,3557.47607421875
2017-11-27,3608.297119140625
2017-11-28,3608.297119140625
2017-11-29,3600.6455078125
2017-11-30,3460.360595703125
2017-12-01,3460.360595703125
2017-12-04,3536.8798828125
2017-12-05,3570.8876953125
2017-12-06,3621.900634765625
2017-12-07,3566.636962890625
2017-12-08,3592.143798828125
2017-12-11,3583.64111328125
2017-12-12,3613.399169921875
2017-12-13,3558.135009765625
2017-12-14,3587.892333984375
2017-12-15,3587.892333984375
2017-12-18,3587.892333984375
2017-12-19,3587.892333984375
2017-12-20,3558.135009765625
2017-12-21,3587.892333984375
2017-12-22,3655.909423828125
2017-12-25,3655.909423828125
2017-12-26,3655.909423828125
2017-12-27,3660.16015625
2017-12-28,3728.17724609375
2017-12-29,3723.92724609375
2018-01-01,3723.92724609375
2018-01-02,3723.92724609375
2018-01-03,3723.92724609375
2018-01-04,3779.189208984375
2018-01-05,3783.44091796875
2018-01-08,3800.4453125
2018-01-09,3830.202392578125
2018-01-10,3817.44970703125
2018-01-11,3859.960205078125
2018-01-12,3813.197998046875
2018-01-15,3821.701171875
2018-01-16,3842.955810546875
2018-01-17,3766.43701171875
2018-01-18,3838.705078125
2018-01-19,3817.44970703125
2018-01-22,3821.701171875
2018-01-23,3851.4580078125
2018-01-24,3838.705078125
2018-01-25,3838.705078125
2018-01-26,3859.960205078125
2018-01-29,3876.96435546875
2018-01-30,3876.96435546875
2018-01-31,3864.21142578125
2018-02-01,3974.739501953125
2018-02-02,4076.76416015625
2018-02-05,4047.007080078125
2018-02-06,4000.2451171875
2018-02-07,3995.993896484375
2018-02-08,4030.002685546875
2018-02-09,4008.747314453125
2018-02-12,3995.993896484375
2018-02-13,4047.007080078125
2018-02-14,4030.002685546875
2018-02-15,3987.491943359375
2018-02-16,3987.491943359375
2018-02-19,4123.5244140625
2018-02-20,4085.265625
2018-02-21,4085.265625
2018-02-22,4064.011474609375
2018-02-23,4123.5244140625
2018-02-26,4000.2451171875
2018-02-27,4004.49609375
2018-02-28,3940.730712890625
2018-03-01,3940.730712890625
2018-03-02,3889.717529296875
2018-03-05,3889.717529296875
2018-03-06,3872.713623046875
2018-03-07,3842.955810546875
2018-03-08,3961.986083984375
2018-03-09,3961.986083984375
2018-03-12,4017.24853515625
2018-03-13,3987.491943359375
2018-03-14,3978.989990234375
2018-03-15,3974.739501953125
2018-03-16,3970.4873046875
2018-03-19,3970.4873046875
2018-03-20,3957.735107421875
2018-03-21,3974.739501953125
2018-03-22,3987.491943359375
2018-03-23,4047.007080078125
2018-03-26,3957.735107421875
2018-03-27,3987.491943359375
2018-03-28,3966.236083984375
2018-03-29,3961.986083984375
2018-03-30,3961.986083984375
2018-04-02,3978.989990234375
2018-04-03,3978.989990234375
2018-04-04,3961.986083984375
2018-04-05,3919.47509765625
2018-04-06,3864.21142578125
2018-04-09,3872.713623046875
2018-04-10,3961.986083984375
2018-04-11,3966.236083984375
2018-04-12,3936.479248046875
2018-04-13,3923.628662109375
2018-04-16,3923.628662109375
2018-04-17,3923.628662109375
2018-04-18,3936.479248046875
2018-04-19,3936.479248046875
2018-04-20,3936.479248046875
2018-04-23,3940.762451171875
2018-04-24,3927.912109375
2018-04-25,3927.912109375
2018-04-26,3927.912109375
2018-04-27,3927.912109375
2018-04-30,3786.55859375
2018-05-01,3786.55859375
2018-05-02,3923.628662109375
2018-05-03,3820.82666015625
2018-05-04,3773.70849609375
2018-05-07,3820.82666015625
2018-05-08,3773.70849609375
2018-05-09,3923.628662109375
2018-05-10,3923.628662109375
2018-05-11,3897.927734375
2018-05-14,3936.479248046875
2018-05-15,3803.692138671875
2018-05-16,3833.677490234375
2018-05-17,3769.42529296875
2018-05-18,3718.024169921875
2018-05-21,3709.45751953125
2018-05-22,3769.42529296875
2018-05-23,3769.42529296875
2018-05-24,3846.527099609375
2018-05-25,3863.660888671875
2018-05-28,3915.062255859375
2018-05-29,3915.062255859375
2018-05-30,3889.361328125
2018-05-31,3889.361328125
2018-06-01,3889.361328125
2018-06-04,3927.912109375
2018-06-05,3893.645263671875
2018-06-06,3945.046142578125
2018-06-07,3936.479248046875
2018-06-08,3812.259521484375
2018-06-11,3812.259521484375
2018-06-12,3812.259521484375
2018-06-13,3812.259521484375
2018-06-14,3812.259521484375
2018-06-15,3812.259521484375
2018-06-18,3812.259521484375
2018-06-19,3812.259521484375
2018-06-20,3683.756103515625
2018-06-21,3623.788818359375
2018-06-22,3756.57470703125
2018-06-25,3803.692138671875
2018-06-26,3662.339111328125
2018-06-27,3658.0556640625
2018-06-28,3589.52099609375
2018-06-29,3679.472412109375
2018-07-02,3675.18994140625
2018-07-03,3529.552490234375
2018-07-04,3636.638671875
2018-07-05,3636.638671875
2018-07-06,3585.237548828125
2018-07-09,3752.29248046875
2018-07-10,3752.29248046875
2018-07-11,3825.110107421875
2018-07-12,3910.7783203125
2018-07-13,3945.046142578125
2018-07-16,3962.179931640625
2018-07-17,3893.645263671875
2018-07-18,3975.029296875
2018-07-19,3975.029296875
2018-07-20,3957.896240234375
2018-07-23,4000.73046875
2018-07-24,4030.715087890625
2018-07-25,4039.281982421875
2018-07-26,3996.44677734375
2018-07-27,3979.313720703125
2018-07-30,3987.881103515625
2018-07-31,3987.881103515625
2018-08-01,4022.14794921875
2018-08-02,4017.86474609375
2018-08-03,4017.86474609375
2018-08-06,4077.833251953125
2018-08-07,4077.833251953125
2018-08-08,4099.24951171875
2018-08-09,4129.234375
2018-08-10,4090.68359375
2018-08-13,3996.44677734375
2018-08-14,4026.431396484375
2018-08-15,4017.86474609375
2018-08-16,4005.014892578125
2018-08-17,4005.014892578125
2018-08-20,4094.966796875
2018-08-21,4090.68359375
2018-08-22,4090.68359375
2018-08-23,4210.619140625
2018-08-24,4296.28759765625
2018-08-27,4244.8876953125
2018-08-28,4279.15380859375
2018-08-29,4249.17041015625
2018-08-30,4296.28759765625
2018-08-31,4249.17041015625
2018-09-03,4244.8876953125
2018-09-04,4240.603515625
2018-09-05,4112.10009765625
2018-09-06,4232.03662109375
2018-09-07,4257.73681640625
2018-09-10,4240.603515625
2018-09-11,4240.603515625
2018-09-12,4094.966796875
2018-09-13,4112.10009765625
2018-09-14,4107.81640625
2018-09-17,4099.24951171875
2018-09-18,4112.10009765625
2018-09-19,4112.10009765625
2018-09-20,4103.533203125
2018-09-21,4060.69921875
2018-09-24,4099.24951171875
2018-09-25,4099.24951171875
2018-09-26,4146.36767578125
2018-09-27,4112.10009765625
2018-09-28,4137.80029296875
2018-10-01,4103.533203125
2018-10-02,4103.533203125
2018-10-03,4099.24951171875
2018-10-04,4043.565185546875
2018-10-05,3949.32958984375
2018-10-08,4017.86474609375
2018-10-09,4069.265625
2018-10-10,4005.014892578125
2018-10-11,3893.645263671875
2018-10-12,3983.597412109375
2018-10-15,4086.400146484375
2018-10-16,4129.234375
2018-10-17,4116.38330078125
2018-10-18,4043.565185546875
2018-10-19,4005.014892578125
2018-10-22,3966.46337890625
2018-10-23,3932.195556640625
2018-10-24,3880.794677734375
2018-10-25,3923.628662109375
2018-10-26,4043.565185546875
2018-10-29,3962.179931640625
2018-10-30,4026.431396484375
2018-10-31,4052.132568359375
2018-11-01,4077.833251953125
2018-11-02,4112.10009765625
2018-11-05,4142.08447265625
2018-11-06,4180.634765625
2018-11-07,4129.234375
2018-11-08,4112.10009765625
2018-11-09,4112.10009765625
2018-11-12,4060.69921875
2018-11-13,4124.95068359375
2018-11-14,4120.66748046875
2018-11-15,4142.08447265625
2018-11-16,4253.453125
2018-11-19,4300.57080078125
2018-11-20,4300.57080078125
2018-11-21,4249.17041015625
2018-11-22,4300.57080078125
2018-11-23,4300.57080078125
2018-11-26,4321.98876953125
2018-11-27,4369.1064453125
2018-11-28,4360.54052734375
2018-11-29,4489.0419921875
2018-11-30,4463.34228515625
2018-12-03,4434.97900390625
2018-12-04,4503.73876953125
2018-12-05,4495.14306640625
2018-12-06,4520.9287109375
2018-12-07,4460.76416015625
2018-12-10,4452.1689453125
2018-12-11,4434.97900390625
2018-12-12,4439.27685546875
2018-12-13,4439.27685546875
2018-12-14,4439.27685546875
2018-12-17,4439.27685546875
2018-12-18,4353.32666015625
2018-12-19,4495.14306640625
2018-12-20,4396.3017578125
2018-12-21,4443.57373046875
2018-12-24,4443.57373046875
2018-12-25,4443.57373046875
2018-12-26,4490.845703125
2018-12-27,4465.0615234375
2018-12-28,4469.35888671875
2018-12-31,4469.35888671875
2019-01-01,4469.35888671875
2019-01-02,4503.73876953125
2019-01-03,4452.1689453125
2019-01-04,4473.6552734375
2019-01-07,4508.03564453125
2019-01-08,4503.73876953125
2019-01-09,4516.63134765625
2019-01-10,4516.63134765625
2019-01-11,4512.3330078125
2019-01-14,4469.35888671875
2019-01-15,4520.9287109375
2019-01-16,4542.41552734375
2019-01-17,4581.09228515625
2019-01-18,4662.74462890625
2019-01-21,4765.8837890625
2019-01-22,4813.1552734375
2019-01-23,4727.2060546875
2019-01-24,4692.8271484375
2019-01-25,4727.2060546875
2019-01-28,4722.90869140625
2019-01-29,4761.58642578125
2019-01-30,4744.396484375
2019-01-31,4843.23779296875
2019-02-01,4843.23779296875
2019-02-04,4727.2060546875
2019-02-05,4727.2060546875
2019-02-06,4757.2880859375
2019-02-07,4752.9912109375
2019-02-08,4744.396484375
2019-02-11,4722.90869140625
2019-02-12,4692.8271484375
2019-02-13,4658.4462890625
2019-02-14,4624.06640625
2019-02-15,4606.87744140625
2019-02-18,4710.0166015625
2019-02-19,4624.06640625
2019-02-20,4727.2060546875
2019-02-21,4731.50341796875
2019-02-22,4718.61181640625
2019-02-25,4718.61181640625
2019-02-26,4774.4775390625
2019-02-27,4783.0732421875
2019-02-28,4740.09814453125
2019-03-01,4761.58642578125
2019-03-04,4757.2880859375
2019-03-05,4722.90869140625
2019-03-06,4718.61181640625
2019-03-07,4718.61181640625
2019-03-08,4675.63671875
2019-03-11,4731.50341796875
2019-03-12,4727.2060546875
2019-03-13,4727.2060546875
2019-03-14,4710.0166015625
2019-03-15,4761.58642578125
2019-03-18,4770.1806640625
2019-03-19,4718.61181640625
2019-03-20,4701.4208984375
2019-03-21,4705.71923828125
2019-03-22,4714.31396484375
2019-03-25,4688.52880859375
2019-03-26,4701.4208984375
2019-03-27,4714.31396484375
2019-03-28,4701.4208984375
2019-03-29,4735.80029296875
2019-04-01,4727.2060546875
2019-04-02,4727.2060546875
2019-04-03,4727.2060546875
2019-04-04,4761.58642578125
2019-04-05,4752.9912109375
2019-04-08,4710.0166015625
2019-04-09,4757.2880859375
2019-04-10,4748.69384765625
2019-04-11,4710.0166015625
2019-04-12,4727.2060546875
2019-04-15,4731.50341796875
2019-04-16,4722.90869140625
2019-04-17,4722.90869140625
2019-04-18,4834.64208984375
2019-04-19,4834.64208984375
2019-04-22,4834.64208984375
2019-04-23,4838.9404296875
2019-04-24,4883.1748046875
2019-04-25,4852.81689453125
2019-04-26,4874.5009765625
2019-04-29,4930.87841796875
2019-04-30,4987.255859375
2019-05-01,4987.255859375
2019-05-02,4930.87841796875
2019-05-03,4922.205078125
2019-05-06,4874.5009765625
2019-05-07,4909.19580078125
2019-05-08,4943.88916015625
2019-05-09,4883.1748046875
2019-05-10,4865.828125
2019-05-13,4865.828125
2019-05-14,4766.08203125
2019-05-15,4735.7255859375
2019-05-16,4579.60205078125
2019-05-17,4492.8681640625
2019-05-20,4666.337890625
2019-05-21,4735.7255859375
2019-05-22,4735.7255859375
2019-05-23,4861.4912109375
2019-05-24,4865.828125
2019-05-27,4930.87841796875
2019-05-28,4974.2451171875
2019-05-29,4978.58349609375
2019-05-30,4978.58349609375
2019-05-31,5047.970703125
2019-06-03,5047.970703125
2019-06-04,5047.970703125
2019-06-05,5047.970703125
2019-06-06,5047.970703125
2019-06-07,5047.970703125
2019-06-10,5100.01220703125
2019-06-11,5126.0322265625
2019-06-12,5069.6552734375
2019-06-13,5034.9609375
2019-06-14,5030.62353515625
2019-06-17,5026.28662109375
2019-06-18,5117.35888671875
2019-06-19,5152.052734375
2019-06-20,5126.0322265625
2019-06-21,5100.01220703125
2019-06-24,5095.6748046875
2019-06-25,5126.0322265625
2019-06-26,5087.001953125
2019-06-27,5147.7158203125
2019-06-28,5199.75732421875
2019-07-01,5195.42041015625
2019-07-02,5204.09326171875
2019-07-03,5204.09326171875
2019-07-04,5195.42041015625
2019-07-05,5178.07275390625
2019-07-08,5100.01220703125
2019-07-09,5204.09326171875
2019-07-10,5204.09326171875
2019-07-11,5225.77783203125
2019-07-12,5212.76708984375
2019-07-15,5295.16455078125
2019-07-16,5277.8193359375
2019-07-17,5334.1962890625
2019-07-18,5329.859375
2019-07-19,5377.56396484375
2019-07-22,5455.625
2019-07-23,5407.92138671875
2019-07-24,5420.93115234375
2019-07-25,5420.93115234375
2019-07-26,5373.22705078125
2019-07-29,5368.890625
2019-07-30,5394.91064453125
2019-07-31,5368.890625
2019-08-01,5386.23681640625
2019-08-02,5347.20703125
2019-08-05,5204.09326171875
2019-08-06,5100.01220703125
2019-08-07,5212.76708984375
2019-08-08,5208.4306640625
2019-08-09,5260.47119140625
2019-08-12,5238.78759765625
2019-08-13,5217.10400390625
2019-08-14,5212.76708984375
2019-08-15,5204.09326171875
2019-08-16,5169.3994140625
2019-08-19,5217.10400390625
2019-08-20,5191.08349609375
2019-08-21,5182.4091796875
2019-08-22,5204.09326171875
2019-08-23,5199.75732421875
2019-08-26,5195.42041015625
2019-08-27,5208.4306640625
2019-08-28,5199.75732421875
2019-08-29,5208.4306640625
2019-08-30,5290.82958984375
2019-09-02,5204.09326171875
2019-09-03,5251.7978515625
2019-09-04,5221.44140625
2019-09-05,5238.78759765625
2019-09-06,5225.77783203125
2019-09-09,5234.451171875
2019-09-10,5251.7978515625
2019-09-11,5290.82958984375
2019-09-12,5221.44140625
2019-09-13,5230.1142578125
2019-09-16,5208.4306640625
2019-09-17,5230.1142578125
2019-09-18,5238.78759765625
2019-09-19,5230.1142578125
2019-09-20,5195.42041015625
2019-09-23,5225.77783203125
2019-09-24,5156.38916015625
2019-09-25,5147.7158203125
2019-09-26,5256.13525390625
2019-09-27,5264.80859375
2019-09-30,5264.80859375
2019-10-01,5238.78759765625
2019-10-02,5247.46044921875
2019-10-03,5238.78759765625
2019-10-04,5243.12451171875
2019-10-07,5264.80859375
2019-10-08,5290.82958984375
2019-10-09,5264.80859375
2019-10-10,5299.501953125
2019-10-11,5312.51220703125
2019-10-14,5377.56396484375
2019-10-15,5355.87939453125
2019-10-16,5390.5732421875
2019-10-17,5303.8388671875
2019-10-18,5342.86962890625
2019-10-21,5394.91064453125
2019-10-22,5464.29833984375
2019-10-23,5442.61474609375
2019-10-24,5464.29833984375
2019-10-25,5377.56396484375
2019-10-28,5381.90087890625
2019-10-29,5394.91064453125
2019-10-30,5433.94140625
2019-10-31,5455.625
2019-11-01,5485.982421875
2019-11-04,5442.61474609375
2019-11-05,5516.3388671875
2019-11-06,5459.9619140625
2019-11-07,5451.2880859375
2019-11-08,5446.951171875
2019-11-11,5459.9619140625
2019-11-12,5433.94140625
2019-11-13,5446.951171875
2019-11-14,5438.27880859375
2019-11-15,5442.61474609375
2019-11-18,5446.951171875
2019-11-19,5477.30810546875
2019-11-20,5507.66552734375
2019-11-21,5464.29833984375
2019-11-22,5468.63525390625
2019-11-25,5442.61474609375
2019-11-26,5451.2880859375
2019-11-27,5464.29833984375
2019-11-28,5420.93115234375
2019-11-29,5446.951171875
2019-12-02,5572.716796875
2019-12-03,5529.3505859375
2019-12-04,5520.67626953125
2019-12-05,5498.99267578125
2019-12-06,5564.24951171875
2019-12-09,5564.24951171875
2019-12-10,5538.14697265625
2019-12-11,5551.1982421875
2019-12-12,5516.39501953125
2019-12-13,5533.7958984375
2019-12-16,5533.7958984375
2019-12-17,5655.60888671875
2019-12-18,5877.48291015625
2019-12-19,5742.6181640625
2019-12-20,5794.82373046875
2019-12-23,5794.82373046875
2019-12-26,5812.22607421875
2019-12-27,5825.2783203125
2019-12-30,5816.576171875
2020-01-02,5820.9267578125
2020-01-03,5916.63720703125
2020-01-06,5860.08203125
2020-01-07,5864.4306640625
2020-01-08,5812.22607421875
2020-01-09,5864.4306640625
2020-01-10,5851.38037109375
2020-01-13,5868.7822265625
2020-01-14,5977.5439453125
2020-01-15,5947.091796875
2020-01-16,5960.14208984375
2020-01-17,5981.89453125
2020-01-20,5947.091796875
2020-01-21,5942.740234375
2020-01-22,5951.44140625
2020-01-23,5951.44140625
2020-01-24,5925.33837890625
2020-01-27,5951.44140625
2020-01-28,5907.9365234375
2020-01-29,5903.58544921875
2020-01-30,5864.4306640625
2020-01-31,5638.20751953125
2020-02-03,5603.40380859375
2020-02-04,5742.6181640625
2020-02-05,5855.7314453125
2020-02-06,5864.4306640625
2020-02-07,5881.83349609375
2020-02-10,5903.58544921875
2020-02-11,5899.2353515625
2020-02-12,5916.63720703125
2020-02-13,5907.9365234375
2020-02-14,5812.22607421875
2020-02-17,5847.029296875
2020-02-18,5825.2783203125
2020-02-19,5825.2783203125
2020-02-20,5738.26953125
2020-02-21,5755.67041015625
2020-02-24,5677.3623046875
2020-02-25,5681.71142578125
2020-02-26,5586.00146484375
2020-02-27,5472.8896484375
2020-02-28,5472.8896484375
2020-03-02,5290.16943359375
2020-03-03,5498.99267578125
2020-03-04,5603.40380859375
2020-03-05,5599.0537109375
2020-03-06,5394.58154296875
2020-03-09,5033.49267578125
2020-03-10,5155.30517578125
2020-03-11,5090.048828125
2020-03-12,4837.72119140625
2020-03-13,4837.72119140625
2020-03-16,4837.72119140625
2020-03-17,4454.87939453125
2020-03-18,4350.46923828125
2020-03-19,4045.93603515625
2020-03-20,4119.89404296875
2020-03-23,3854.51513671875
2020-03-24,3915.421630859375
2020-03-26,4594.09521484375
2020-03-27,4794.21630859375
2020-03-30,4781.16455078125
2020-03-31,4807.2685546875
2020-04-01,4768.11376953125
2020-04-02,4707.2080078125
2020-04-03,4781.16455078125
2020-04-06,4989.98681640625
2020-04-07,4920.3798828125
2020-04-08,4902.978515625
2020-04-09,4868.17431640625
2020-04-13,4785.515625
2020-04-14,4798.56640625
2020-04-15,4772.46435546875
2020-04-16,4559.29150390625
2020-04-17,4720.259765625
2020-04-20,4659.3525390625
2020-04-21,4567.29833984375
2020-04-22,4554.0205078125
2020-04-23,4531.892578125
2020-04-24,4354.865234375
2020-04-27,4390.2705078125
2020-04-28,4275.20361328125
2020-04-29,4292.90576171875
2020-04-30,4576.1494140625
2020-05-04,4620.4072265625
2020-05-05,4677.93994140625
2020-05-06,4739.8994140625
2020-05-08,4642.5341796875
2020-05-11,4686.791015625
2020-05-12,4620.4072265625
2020-05-13,4523.041015625
2020-05-14,4354.865234375
2020-05-15,4235.3720703125
2020-05-18,4217.66943359375
2020-05-19,4142.4326171875
2020-05-20,4217.66943359375
2020-05-26,4399.1220703125
2020-05-27,4394.6962890625
2020-05-28,4686.791015625
2020-05-29,4593.85205078125
2020-06-02,4744.32568359375
2020-06-03,5116.08154296875
2020-06-04,5124.93359375
2020-06-05,5067.3994140625
2020-06-08,5222.2978515625
2020-06-09,5138.2099609375
2020-06-10,5133.78466796875
2020-06-11,5027.568359375
2020-06-12,5018.71728515625
2020-06-15,4868.244140625
2020-06-16,5098.37890625
2020-06-17,5062.97314453125
2020-06-18,4943.48095703125
2020-06-19,4934.62890625
2020-06-22,4903.64990234375
2020-06-23,4974.4599609375
2020-06-24,5049.69677734375
2020-06-25,5067.3994140625
2020-06-26,4996.5888671875
2020-06-29,5023.142578125
2020-06-30,5040.84521484375
2020-07-01,5133.78466796875
2020-07-02,5195.744140625
2020-07-03,5195.744140625
2020-07-06,5253.27734375
2020-07-07,5301.9609375
2020-07-08,5487.83935546875
2020-07-09,5399.3251953125
2020-07-10,5487.83935546875
2020-07-13,5465.7099609375
2020-07-14,5487.83935546875
2020-07-15,5443.58203125
2020-07-16,5470.1357421875
2020-07-17,5417.0283203125
2020-07-20,5434.73046875
2020-07-21,5487.83935546875
2020-07-22,5470.1357421875
2020-07-23,5487.83935546875
2020-07-24,5399.3251953125
2020-07-27,5399.3251953125
2020-07-28,5474.5615234375
2020-07-29,5430.3046875
2020-07-30,5523.24462890625
2020-08-03,5425.8798828125
2020-08-04,5496.689453125
2020-08-05,5492.26513671875
2020-08-06,5540.947265625
2020-08-07,5470.1357421875
2020-08-10,5417.0283203125
2020-08-11,5465.7099609375
2020-08-12,5540.947265625
2020-08-13,5576.35205078125
2020-08-14,5669.2919921875
2020-08-18,5629.45947265625
2020-08-19,5602.90576171875
2020-08-24,5589.62890625
2020-08-25,5633.88623046875
2020-08-26,5611.75732421875
2020-08-27,5841.892578125
2020-08-28,5748.9541015625
2020-08-31,5554.22412109375
2020-09-01,5771.0810546875
2020-09-02,5695.84521484375
2020-09-03,5753.37890625
2020-09-04,5647.1630859375
2020-09-07,5563.07470703125
2020-09-08,5607.33251953125
2020-09-09,5527.66943359375
2020-09-10,5142.63623046875
2020-09-11,5226.7236328125
2020-09-14,5355.068359375
2020-09-15,5186.89208984375
2020-09-16,5089.52734375
2020-09-17,5093.953125
2020-09-18,4983.3115234375
2020-09-21,4961.18359375
2020-09-22,4823.986328125
2020-09-23,4872.66943359375
2020-09-24,4819.56201171875
2020-09-25,4965.60888671875
2020-09-28,4881.5205078125
2020-09-29,4872.66943359375
2020-09-30,4797.43359375
2020-10-01,4930.20361328125
2020-10-02,4872.66943359375
2020-10-05,4885.94677734375
2020-10-06,5045.27099609375
2020-10-07,5093.953125
2020-10-08,5116.08154296875
2020-10-09,5111.65576171875
2020-10-12,5182.46630859375
2020-10-13,5182.46630859375
2020-10-14,5222.2978515625
2020-10-15,5120.5078125
2020-10-16,5098.37890625
2020-10-19,5222.2978515625
2020-10-20,5138.2099609375
2020-10-21,5116.08154296875
2020-10-22,5133.78466796875
2020-10-23,5107.23046875
2020-10-26,5147.06103515625
2020-10-27,5124.93359375
2020-11-02,5151.4873046875
2020-11-03,5213.4462890625
2020-11-04,5151.4873046875
2020-11-05,5443.58203125
2020-11-06,5576.35205078125
2020-11-09,5563.07470703125
2020-11-10,5735.67626953125
2020-11-11,5788.78466796875
2020-11-12,5682.568359375
2020-11-13,5656.01416015625
2020-11-16,5735.67626953125
2020-11-17,5797.6357421875
2020-11-18,5815.33837890625
2020-11-19,5855.16943359375
2020-11-20,5841.892578125
2020-11-23,5841.892578125
2020-11-24,5810.91259765625
2020-11-25,5673.716796875
2020-11-26,5735.67626953125
2020-11-27,5651.5888671875
2020-11-30,5492.26513671875
2020-12-01,5660.43994140625
2020-12-02,5709.1220703125
2020-12-03,5717.9736328125
2020-12-04,5656.01416015625
2020-12-07,5771.0810546875
2020-12-08,5744.52734375
2020-12-10,5837.3935546875
2020-12-11,5979.4443359375
2020-12-14,6054.90771484375
2020-12-15,6028.27392578125
2020-12-16,6170.32421875
2020-12-17,6157.0078125
2020-12-18,6037.15185546875
2020-12-21,6063.78662109375
2020-12-22,5961.68798828125
2020-12-23,5970.56640625
2020-12-28,6019.39501953125
2020-12-29,6006.07861328125
2020-12-30,6010.517578125
2021-01-04,6068.22607421875
2021-01-05,6294.619140625
2021-01-06,6165.88623046875
2021-01-07,6183.642578125
2021-01-08,6259.10595703125
2021-01-11,6521.01171875
2021-01-12,6356.76611328125
2021-01-13,6321.25341796875
2021-01-14,6232.47216796875
2021-01-15,6174.763671875
2021-01-18,6321.25341796875
2021-01-19,6299.05810546875
2021-01-20,6299.05810546875
2021-01-21,6281.3017578125
2021-01-22,6285.7412109375
2021-01-25,6245.7890625
2021-01-26,6054.90771484375
2021-01-27,6028.27392578125
2021-01-28,6125.93408203125
2021-01-29,6001.6396484375
2021-02-01,6054.90771484375
2021-02-02,6037.15185546875
2021-02-03,6059.34765625
2021-02-04,6085.982421875
2021-02-05,6139.2509765625
2021-02-08,6143.68994140625
2021-02-09,6196.958984375
2021-02-10,6143.68994140625
2021-02-11,6108.17724609375
2021-02-15,6037.15185546875
2021-02-16,6161.4462890625
2021-02-17,6125.93408203125
2021-02-18,5979.4443359375
2021-02-19,6059.34765625
2021-02-22,6028.27392578125
2021-02-23,6059.34765625
2021-02-24,5970.56640625
2021-02-25,5952.80908203125
2021-02-26,5957.2490234375
2021-03-01,6254.66748046875
2021-03-02,6228.033203125
2021-03-03,6214.7158203125
2021-03-04,5966.12646484375
2021-03-05,6037.15185546875
2021-03-08,5966.12646484375
2021-03-09,5864.0283203125
2021-03-10,5952.80908203125
2021-03-12,6006.07861328125
2021-03-15,5917.29736328125
2021-03-16,5881.78466796875
2021-03-17,5868.466796875
2021-03-18,5952.80908203125
2021-03-19,6001.6396484375
2021-03-22,5877.34521484375
2021-03-23,5828.51513671875
2021-03-24,5717.5380859375
2021-03-25,5655.39111328125
2021-03-26,5695.34326171875
2021-03-29,5646.51220703125
2021-03-30,5677.58642578125
2021-03-31,5517.779296875
2021-04-01,5526.658203125
2021-04-05,5464.509765625
2021-04-06,5473.388671875
2021-04-07,5548.853515625
2021-04-08,5523.10498046875
2021-04-09,5581.6220703125
2021-04-12,5460.08740234375
2021-04-13,5401.56982421875
2021-04-14,5676.14990234375
2021-04-15,5653.6435546875
2021-04-16,5649.1416015625
2021-04-19,5644.64111328125
2021-04-20,5613.13134765625
2021-04-21,5550.11376953125
2021-04-22,5595.1259765625
2021-04-23,5752.67236328125
2021-04-26,5658.14501953125
2021-04-27,5766.17626953125
2021-04-28,5689.654296875
2021-04-29,5770.677734375
2021-04-30,5766.17626953125
2021-05-03,5752.67236328125
2021-05-04,5761.67529296875
2021-05-05,5784.181640625
2021-05-06,5784.181640625
2021-05-07,5761.67529296875
2021-05-10,5779.68017578125
2021-05-11,5833.69580078125
2021-05-17,5851.70068359375
2021-05-18,5752.67236328125
2021-05-19,5712.16064453125
2021-05-20,5743.669921875
2021-05-21,5725.66455078125
2021-05-24,5694.1552734375
2021-05-25,5721.16357421875
2021-05-27,5644.64111328125
2021-05-28,5707.6591796875
2021-05-31,5739.16845703125
2021-06-02,5820.19189453125
2021-06-03,5941.7265625
2021-06-04,5923.7216796875
2021-06-07,5878.708984375
2021-06-08,5788.6826171875
2021-06-09,5878.708984375
2021-06-10,5959.73193359375
2021-06-11,5824.693359375
2021-06-14,5770.677734375
2021-06-15,5824.693359375
2021-06-16,5748.1708984375
2021-06-17,5698.65673828125
2021-06-18,5694.1552734375
2021-06-21,5626.63525390625
2021-06-22,5707.6591796875
2021-06-23,5608.63037109375
2021-06-24,5590.62548828125
2021-06-25,5572.6201171875
2021-06-28,5451.0849609375
2021-06-29,5442.0830078125
2021-06-30,5424.07666015625
2021-07-01,5424.07666015625
2021-07-02,5491.59619140625
2021-07-05,5500.59912109375
2021-07-06,5451.0849609375
2021-07-07,5460.08740234375
2021-07-08,5415.07421875
2021-07-09,5419.57666015625
2021-07-12,5554.61474609375
2021-07-13,5442.0830078125
2021-07-14,5392.56787109375
2021-07-15,5505.10107421875
2021-07-16,5500.59912109375
2021-07-19,5406.0712890625
2021-07-21,5410.57373046875
2021-07-22,5541.1103515625
2021-07-23,5433.0791015625
2021-07-26,5406.0712890625
2021-07-27,5406.0712890625
2021-07-28,5383.56494140625
2021-07-29,5437.58056640625
2021-07-30,5374.5625
2021-08-02,5365.5595703125
2021-08-03,5532.1083984375
2021-08-04,5509.6015625
2021-08-05,5671.64794921875
2021-08-06,5545.61181640625
2021-08-09,5581.6220703125
2021-08-10,5671.64794921875
2021-08-12,5671.64794921875
2021-08-13,5770.677734375
2021-08-16,5779.68017578125
2021-08-18,5941.7265625
2021-08-19,5941.7265625
2021-08-20,5941.7265625
2021-08-23,5932.724609375
2021-08-24,5941.7265625
2021-08-25,5941.7265625
2021-08-26,5905.71630859375
2021-08-27,5860.70361328125
2021-08-30,5910.21826171875
2021-08-31,5896.71435546875
2021-09-01,5910.21826171875
2021-09-02,5887.7109375
2021-09-03,5941.7265625
2021-09-06,5919.220703125
2021-09-07,5914.7197265625
2021-09-08,5797.685546875
2021-09-09,5914.7197265625
2021-09-10,5869.70654296875
2021-09-13,5901.21533203125
2021-09-14,5892.212890625
2021-09-15,5847.2001953125
2021-09-16,5851.70068359375
2021-09-17,5869.70654296875
2021-09-20,5928.22314453125
2021-09-21,5842.69873046875
2021-09-22,5901.21533203125
2021-09-23,5923.7216796875
2021-09-24,5928.22314453125
2021-09-27,5923.7216796875
2021-09-28,5869.70654296875
2021-09-29,5923.7216796875
2021-09-30,6301.83251953125
2021-10-01,6085.76904296875
2021-10-04,6265.822265625
2021-10-05,6252.31787109375
2021-10-06,6463.87939453125
2021-10-07,6445.87451171875
2021-10-08,6562.90771484375
2021-10-11,6531.39892578125
2021-10-12,6589.91552734375
2021-10-13,6774.46923828125
2021-10-14,6977.02734375
2021-10-15,6887.001953125
2021-10-18,6774.46923828125
2021-10-19,6751.96337890625
2021-10-21,6661.93701171875
2021-10-22,6774.46923828125
2021-10-25,6774.46923828125
2021-10-26,6774.46923828125
2021-10-27,6706.94970703125
2021-10-28,6639.4306640625
2021-10-29,6729.45654296875
2021-11-01,6661.93701171875
2021-11-02,6571.9111328125
2021-11-03,6616.923828125
2021-11-04,6639.4306640625
2021-11-05,6706.94970703125
2021-11-08,6819.48193359375
2021-11-09,6909.5087890625
2021-11-10,6887.001953125
2021-11-11,6909.5087890625
2021-11-12,6774.46923828125
2021-11-15,6751.96337890625
2021-11-16,6729.45654296875
2021-11-17,6842.36669921875
2021-11-18,6684.2919921875
2021-11-19,6706.87451171875
2021-11-22,6752.03857421875
2021-11-23,6752.03857421875
2021-11-24,6752.03857421875
2021-11-25,6706.87451171875
2021-11-26,6571.38134765625
2021-11-29,6684.2919921875
2021-11-30,6571.38134765625
2021-12-01,6593.96435546875
2021-12-02,6774.6201171875
2021-12-03,6661.7099609375
2021-12-06,6639.1279296875
2021-12-07,6639.1279296875
2021-12-08,6706.87451171875
2021-12-09,6639.1279296875
2021-12-10,6661.7099609375
2021-12-13,6593.96435546875
2021-12-14,6593.96435546875
2021-12-15,6593.96435546875
2021-12-16,6571.38134765625
2021-12-17,6774.6201171875
2021-12-20,6661.7099609375
2021-12-21,6661.7099609375
2021-12-22,6616.54541015625
2021-12-23,6593.96435546875
2021-12-24,6593.96435546875
2021-12-27,6639.1279296875
2021-12-28,6639.1279296875
2021-12-29,6593.96435546875
2021-12-30,6593.96435546875
2022-01-03,6616.54541015625
2022-01-04,6684.2919921875
2022-01-05,6729.45654296875
2022-01-06,6752.03857421875
2022-01-07,6910.11279296875
2022-01-10,6864.9482421875
2022-01-11,6955.27685546875
2022-01-12,6955.27685546875
2022-01-13,6955.27685546875
2022-01-14,7090.77001953125
2022-01-17,7000.44091796875
2022-01-18,6932.6943359375
2022-01-19,6932.6943359375
2022-01-20,7023.02392578125
2022-01-21,7181.09814453125
2022-01-24,7045.60498046875
2022-01-25,7023.02392578125
2022-01-26,6955.27685546875
2022-01-27,7045.60498046875
2022-01-28,7023.02392578125
2022-01-31,6887.53125
2022-02-02,7045.60498046875
2022-02-03,6977.85888671875
2022-02-04,6977.85888671875
2022-02-07,7045.60498046875
2022-02-08,6977.85888671875
2022-02-09,7181.09814453125
2022-02-10,7000.44091796875
2022-02-11,7068.18701171875
2022-02-14,6955.27685546875
2022-02-15,7113.3515625
2022-02-16,7203.67919921875
2022-02-17,7135.93359375
2022-02-18,7158.515625
2022-02-21,7181.09814453125
2022-02-22,7135.93359375
2022-02-23,7271.42626953125
2022-02-24,7226.26171875
2022-02-25,7271.42626953125
2022-03-01,7271.42626953125
2022-03-02,7203.67919921875
2022-03-04,7135.93359375
2022-03-07,6955.27685546875
2022-03-08,6910.11279296875
2022-03-09,7090.77001953125
2022-03-10,7158.515625
2022-03-11,7181.09814453125
2022-03-14,7294.0078125
2022-03-15,7361.75390625
2022-03-16,7406.91796875
2022-03-17,7226.26171875
2022-03-18,7135.93359375
2022-03-21,7135.93359375
2022-03-22,7158.515625
2022-03-23,7135.93359375
2022-03-24,7158.515625
2022-03-25,7181.09814453125
2022-03-28,7245.296875
2022-03-29,7199.4404296875
2022-03-30,7222.36865234375
2022-03-31,7314.08056640625
2022-04-01,7268.224609375
2022-04-04,7245.296875
2022-04-05,7245.296875
2022-04-06,7107.72802734375
2022-04-07,7107.72802734375
2022-04-08,7199.4404296875
2022-04-11,7084.79931640625
2022-04-12,7153.583984375
2022-04-13,7153.583984375
2022-04-14,7061.87109375
2022-04-18,7061.87109375
2022-04-19,6993.08642578125
2022-04-20,7016.0146484375
2022-04-21,7268.224609375
2022-04-22,7222.36865234375
2022-04-25,7337.00830078125
2022-04-26,7451.64990234375
2022-04-27,7520.43408203125
2022-04-28,7451.64990234375
2022-05-09,6970.158203125
2022-05-10,6901.37353515625
2022-05-11,7016.0146484375
2022-05-12,6672.09326171875
2022-05-13,6717.94873046875
2022-05-17,6786.73291015625
2022-05-18,6947.23046875
2022-05-19,6832.58935546875
2022-05-20,6786.73291015625
2022-05-23,6763.8046875
2022-05-24,6740.87744140625
2022-05-25,6763.8046875
2022-05-27,6947.23046875
2022-05-30,6947.23046875
2022-05-31,7107.72802734375
2022-06-02,6947.23046875
2022-06-03,6970.158203125
2022-06-06,6832.58935546875
2022-06-07,6763.8046875
2022-06-08,6970.158203125
2022-06-09,6878.44580078125
2022-06-10,6740.87744140625
2022-06-13,6740.87744140625
2022-06-14,6786.73291015625
2022-06-15,6717.94873046875
2022-06-16,6947.23046875
2022-06-17,6878.44580078125
2022-06-20,6993.08642578125
2022-06-21,7016.0146484375
2022-06-22,6878.44580078125
2022-06-23,6901.37353515625
2022-06-24,6855.51806640625
2022-06-27,6740.87744140625
2022-06-28,6695.02099609375
2022-06-29,6672.09326171875
2022-06-30,6649.16455078125
2022-07-01,6649.16455078125
2022-07-04,6465.7392578125
2022-07-05,6649.16455078125
2022-07-06,6695.02099609375
2022-07-07,6511.59619140625
2022-07-08,6557.4521484375
2022-07-11,6534.52392578125
2022-07-12,6580.38037109375
2022-07-13,6419.88232421875
2022-07-14,6442.81103515625
2022-07-15,6419.88232421875
2022-07-18,6557.4521484375
2022-07-19,6580.38037109375
2022-07-20,6786.73291015625
2022-07-21,6786.73291015625
2022-07-22,6717.94873046875
2022-07-25,6695.02099609375
2022-07-26,6695.02099609375
2022-07-27,6717.94873046875
2022-07-28,6740.87744140625
2022-07-29,6740.87744140625
2022-08-01,6878.44580078125
2022-08-02,6970.158203125
2022-08-03,6993.08642578125
2022-08-04,7153.583984375
2022-08-05,7222.36865234375
2022-08-08,7222.36865234375
2022-08-09,7245.296875
2022-08-10,7245.296875
2022-08-11,7291.1533203125
2022-08-12,7268.224609375
2022-08-15,7291.1533203125
2022-08-16,7314.08056640625
2022-08-18,7337.00830078125
2022-08-19,7245.296875
2022-08-22,7337.00830078125
2022-08-23,7245.296875
2022-08-24,7291.1533203125
2022-08-25,7405.79296875
2022-08-26,7337.00830078125
2022-08-29,7474.578125
2022-08-30,7497.505859375
2022-08-31,7520.43408203125
2022-09-01,7474.578125
2022-09-02,7543.36279296875
2022-09-05,7589.21826171875
2022-09-06,7589.21826171875
2022-09-07,7680.931640625
2022-09-08,7658.00341796875
2022-09-09,7680.931640625
2022-09-12,7680.931640625
2022-09-13,7818.5009765625
2022-09-14,7795.57177734375
2022-09-15,8024.853515625
2022-09-16,7749.71630859375
2022-09-19,7933.14208984375
2022-09-20,7841.42822265625
2022-09-21,7772.64453125
2022-09-22,7772.64453125
2022-09-23,7680.931640625
2022-09-26,7726.787109375
2022-09-27,7612.1474609375
2022-09-28,7635.0751953125
2022-09-29,7680.931640625
2022-09-30,7841.42822265625
2022-10-03,7795.57177734375
2022-10-04,7841.42822265625
2022-10-05,7749.71630859375
2022-10-06,7726.787109375
2022-10-07,7520.43408203125
2022-10-10,7612.1474609375
2022-10-11,7566.2900390625
2022-10-12,7635.0751953125
2022-10-13,7589.21826171875
2022-10-14,7566.2900390625
2022-10-17,7566.2900390625
2022-10-18,7612.1474609375
2022-10-19,7589.21826171875
2022-10-20,7795.57177734375
2022-10-21,7933.14208984375
2022-10-24,8162.42236328125
2022-10-25,7978.99755859375
2022-10-26,7841.42822265625
2022-10-27,7978.99755859375
2022-10-28,8024.853515625
2022-10-31,8070.71044921875
2022-11-01,8070.71044921875
2022-11-02,8024.853515625
2022-11-03,8070.71044921875
2022-11-04,8047.78125
2022-11-07,8116.56591796875
2022-11-08,8024.853515625
2022-11-09,8139.49462890625
2022-11-10,8070.71044921875
2022-11-11,8116.56591796875
2022-11-14,8024.853515625
2022-11-15,8070.71044921875
2022-11-16,7887.2841796875
2022-11-17,8001.92578125
2022-11-18,8093.63720703125
2022-11-21,8001.92578125
2022-11-22,8162.42236328125
2022-11-23,8139.49462890625
2022-11-24,8254.134765625
2022-11-25,8231.20703125
2022-11-28,8277.0634765625
2022-11-29,8231.20703125
2022-11-30,8529.2724609375
2022-12-01,8254.134765625
2022-12-02,8194.2890625
2022-12-05,8079.20068359375
2022-12-06,7987.13037109375
2022-12-07,7779.9716796875
2022-12-08,7826.00634765625
2022-12-09,7895.05908203125
2022-12-12,8010.14794921875
2022-12-13,8010.14794921875
2022-12-14,7941.09521484375
2022-12-15,7826.00634765625
2022-12-16,7918.07763671875
2022-12-19,7964.11328125
2022-12-20,7895.05908203125
2022-12-21,7987.13037109375
2022-12-22,7895.05908203125
2022-12-23,7826.00634765625
2022-12-26,7895.05908203125
2022-12-27,7918.07763671875
2022-12-28,7964.11328125
2022-12-29,7895.05908203125
2022-12-30,7872.04150390625
2023-01-02,7872.04150390625
2023-01-03,7872.04150390625
2023-01-04,7687.900390625
2023-01-05,7595.82958984375
2023-01-06,7641.86572265625
2023-01-09,7779.9716796875
2023-01-10,7526.77685546875
2023-01-11,7480.74169921875
2023-01-12,7526.77685546875
2023-01-13,7411.68896484375
2023-01-16,7503.7587890625
2023-01-17,7664.88330078125
2023-01-18,7641.86572265625
2023-01-19,7664.88330078125
2023-01-20,7641.86572265625
2023-01-24,7572.81201171875
2023-01-25,7549.794921875
2023-01-26,7802.9892578125
2023-01-27,8010.14794921875
2023-01-30,8010.14794921875
2023-01-31,7802.9892578125
2023-02-01,7826.00634765625
2023-02-02,7779.9716796875
2023-02-03,8010.14794921875
2023-02-06,8033.16650390625
2023-02-07,8148.25341796875
2023-02-08,8125.23583984375
2023-02-09,8194.2890625
2023-02-10,8125.23583984375
2023-02-13,8171.271484375
2023-02-14,8240.3251953125
2023-02-15,8171.271484375
2023-02-16,8010.14794921875
2023-02-17,8033.16650390625
2023-02-20,8056.18310546875
2023-02-21,8010.14794921875
2023-02-22,7987.13037109375
2023-02-23,8033.16650390625
2023-02-24,7987.13037109375
2023-02-27,8079.20068359375
2023-02-28,8056.18310546875
2023-03-01,7918.07763671875
2023-03-02,7941.09521484375
2023-03-03,7802.9892578125
2023-03-06,7733.9365234375
2023-03-07,7756.953125
2023-03-08,7895.05908203125
2023-03-09,7895.05908203125
2023-03-10,7779.9716796875
2023-03-13,7872.04150390625
2023-03-14,7664.88330078125
2023-03-15,7664.88330078125
2023-03-16,7641.86572265625
2023-03-17,7710.91845703125
2023-03-20,7733.9365234375
2023-03-21,7826.00634765625
2023-03-24,8125.23583984375
2023-03-27,8010.14794921875
2023-03-28,7987.13037109375
2023-03-29,8264.1669921875
2023-03-30,8287.6455078125
2023-03-31,8217.2119140625
2023-04-03,8264.1669921875
2023-04-04,8240.689453125
2023-04-05,8193.734375
2023-04-06,8217.2119140625
2023-04-10,8264.1669921875
2023-04-11,8287.6455078125
2023-04-12,8358.078125
2023-04-13,8381.556640625
2023-04-14,8451.990234375
2023-04-17,8475.466796875
2023-04-18,8569.37890625
2023-04-26,8639.8125
2023-04-27,8592.8564453125
2023-04-28,8498.9443359375
2023-05-02,8498.9443359375
2023-05-03,8381.556640625
2023-05-04,8451.990234375
2023-05-05,8451.990234375
2023-05-08,8451.990234375
2023-05-09,8381.556640625
2023-05-10,8381.556640625
2023-05-11,8287.6455078125
2023-05-12,8264.1669921875
2023-05-15,8240.689453125
2023-05-16,8170.255859375
2023-05-17,8240.689453125
2023-05-19,8451.990234375
2023-05-22,8451.990234375
2023-05-23,8569.37890625
2023-05-24,8475.466796875
2023-05-25,8498.9443359375
2023-05-26,8592.8564453125
2023-05-29,8592.8564453125
2023-05-30,8686.767578125
2023-05-31,8498.9443359375
2023-06-05,8639.8125
2023-06-06,8592.8564453125
2023-06-07,8545.9013671875
2023-06-08,8569.37890625
2023-06-09,8545.9013671875
2023-06-12,8592.8564453125
2023-06-13,8592.8564453125
2023-06-14,8522.423828125
2023-06-15,8498.9443359375
2023-06-16,8498.9443359375
2023-06-19,8451.990234375
2023-06-20,8498.9443359375
2023-06-21,8569.37890625
2023-06-22,8498.9443359375
2023-06-23,8498.9443359375
2023-06-26,8522.423828125
2023-06-27,8592.8564453125
2023-07-03,8522.423828125
2023-07-04,8498.9443359375
2023-07-05,8498.9443359375
2023-07-06,8522.423828125
2023-07-07,8475.466796875
2023-07-10,8498.9443359375
2023-07-11,8475.466796875
2023-07-12,8616.333984375
2023-07-13,8569.37890625
2023-07-14,8639.8125
2023-07-17,8616.333984375
2023-07-18,8592.8564453125
2023-07-20,8592.8564453125
2023-07-21,8592.8564453125
2023-07-24,8545.9013671875
2023-07-25,8592.8564453125
2023-07-26,8780.6787109375
2023-07-27,8663.2890625
2023-07-28,8569.37890625
2023-07-31,8569.37890625
2023-08-01,8569.37890625
2023-08-02,8639.8125
2023-08-03,8686.767578125
2023-08-04,8592.8564453125
2023-08-07,8710.2451171875
2023-08-08,8639.8125
2023-08-09,8827.6337890625
2023-08-10,8827.6337890625
2023-08-11,8827.6337890625
2023-08-14,8780.6787109375
2023-08-15,8733.72265625
2023-08-16,8733.72265625
2023-08-18,8686.767578125
2023-08-21,8616.333984375
2023-08-22,8733.72265625
2023-08-23,8733.72265625
2023-08-24,8639.8125
2023-08-25,8710.2451171875
2023-08-28,8639.8125
2023-08-29,8686.767578125
2023-08-30,8639.8125
2023-08-31,8616.333984375
2023-09-01,8663.2890625
2023-09-04,8663.2890625
2023-09-05,8663.2890625
2023-09-06,8592.8564453125
2023-09-07,8616.333984375
2023-09-08,8569.37890625
2023-09-11,8569.37890625
2023-09-12,8545.9013671875
2023-09-13,8522.423828125
2023-09-14,8545.9013671875
2023-09-15,8451.990234375
2023-09-18,8451.990234375
2023-09-19,8522.423828125
2023-09-20,8592.8564453125
2023-09-21,8569.37890625
2023-09-22,8522.423828125
2023-09-25,8451.990234375
2023-09-26,8405.0341796875
2023-09-27,8334.6005859375
2023-09-29,8287.6455078125
2023-10-02,8522.423828125
2023-10-03,8639.8125
2023-10-04,8639.8125
2023-10-05,8522.423828125
2023-10-06,8475.466796875
2023-10-09,8498.9443359375
2023-10-10,8381.556640625
2023-10-11,8381.556640625
2023-10-12,8498.9443359375
2023-10-13,8522.423828125
2023-10-16,8545.9013671875
2023-10-17,8405.0341796875
2023-10-18,8311.1220703125
2023-10-19,8217.2119140625
2023-10-20,8428.5107421875
2023-10-23,8311.1220703125
2023-10-24,8240.689453125
2023-10-25,8334.6005859375
2023-10-26,8193.734375
2023-10-27,8170.255859375
2023-10-30,8311.1220703125
2023-10-31,8217.2119140625
2023-11-01,8076.345703125
2023-11-02,8311.1220703125
2023-11-03,8358.078125
2023-11-06,8498.9443359375
2023-11-07,8428.5107421875
2023-11-08,8451.990234375
2023-11-09,8451.990234375
2023-11-10,8287.6455078125
2023-11-13,8334.6005859375
2023-11-14,8381.556640625
2023-11-15,8498.9443359375
2023-11-16,8522.423828125
2023-11-17,8522.423828125
2023-11-20,8334.6005859375
2023-11-21,8240.689453125
2023-11-22,8334.6005859375
2023-11-23,8381.556640625
2023-11-24,8381.556640625
2023-11-27,8334.6005859375
2023-11-28,8334.6005859375
2023-11-29,8358.078125
2023-11-30,8428.5107421875
2023-12-01,8405.0341796875
2023-12-04,8421.546875
2023-12-05,8397.9560546875
2023-12-06,8303.59765625
2023-12-07,8327.1875
2023-12-08,8256.41796875
2023-12-11,8256.41796875
2023-12-12,8209.23828125
2023-12-13,8185.6494140625
2023-12-14,8539.4951171875
2023-12-15,8704.6240234375
2023-12-18,8681.03515625
2023-12-19,8728.2138671875
2023-12-20,8775.3935546875
2023-12-21,8798.982421875
2023-12-22,8798.982421875
2023-12-27,8846.162109375
2023-12-28,8869.7529296875
2023-12-29,8869.7529296875
2024-01-02,8893.341796875
2024-01-03,8822.5732421875
2024-01-04,8940.521484375
2024-01-05,9034.880859375
2024-01-08,9034.880859375
2024-01-09,9082.060546875
2024-01-10,9011.291015625
2024-01-11,9034.880859375
2024-01-12,9152.8291015625
2024-01-15,9176.4189453125
2024-01-16,9152.8291015625
2024-01-17,9200.0087890625
2024-01-18,9129.240234375
2024-01-19,9082.060546875
2024-01-22,9082.060546875
2024-01-23,9058.4697265625
2024-01-24,8987.701171875
2024-01-25,8964.111328125
2024-01-26,8822.5732421875
2024-01-29,9011.291015625
2024-01-30,9105.6494140625
2024-01-31,9011.291015625
2024-02-01,9152.8291015625
2024-02-02,9152.8291015625
2024-02-05,9034.880859375
2024-02-06,9082.060546875
2024-02-07,9152.8291015625
2024-02-12,9247.1884765625
2024-02-13,9176.4189453125
2024-02-15,9294.3681640625
2024-02-16,9388.7275390625
2024-02-19,9317.9580078125
2024-02-20,9459.4970703125
2024-02-21,9412.3173828125
2024-02-22,9317.9580078125
2024-02-23,9270.779296875
2024-02-26,9247.1884765625
2024-02-27,9317.9580078125
2024-02-28,9435.90625
2024-02-29,9317.9580078125
2024-03-01,9270.779296875
2024-03-04,9200.0087890625
2024-03-05,9247.1884765625
2024-03-06,9388.7275390625
2024-03-07,9553.85546875
2024-03-08,9577.4462890625
2024-03-13,9435.90625
2024-03-14,9742.5732421875
2024-03-15,9577.4462890625
2024-03-18,9577.4462890625
2024-03-19,9601.03515625
2024-03-20,9553.85546875
2024-03-21,9553.85546875
2024-03-22,9530.265625
2024-03-25,9725.74609375
2024-03-26,9701.6123046875
2024-03-27,9725.74609375
2024-03-28,9725.74609375
2024-04-01,9508.5458984375
2024-04-02,9556.8125
2024-04-03,9194.8125
2024-04-04,9508.5458984375
2024-04-05,9484.4130859375
2024-04-16,9146.544921875
2024-04-17,9194.8125
2024-04-18,9146.544921875
2024-04-19,9146.544921875
2024-04-22,9025.87890625
2024-04-23,9387.8798828125
2024-04-24,9605.0791015625
2024-04-25,9436.1455078125
2024-04-26,9291.345703125
2024-04-29,9460.279296875
2024-04-30,9460.279296875
2024-05-02,9218.9453125
2024-05-03,9508.5458984375
2024-05-06,9460.279296875
2024-05-07,9363.74609375
2024-05-08,9050.01171875
2024-05-13,9194.8125
2024-05-14,9218.9453125
2024-05-15,9170.6787109375
2024-05-16,9267.2119140625
2024-05-17,9412.01171875
2024-05-20,9146.544921875
2024-05-21,9050.01171875
2024-05-22,9098.279296875
2024-05-27,8977.6123046875
2024-05-28,8977.6123046875
2024-05-29,8832.8125
2024-05-30,8688.01171875
2024-05-31,8929.345703125
2024-06-03,8953.478515625
2024-06-04,9025.87890625
2024-06-05,9122.4130859375
2024-06-06,9146.544921875
2024-06-07,9001.7451171875
2024-06-10,9194.8125
2024-06-11,8977.6123046875
2024-06-12,8929.345703125
2024-06-13,8881.078125
2024-06-14,8881.078125
2024-06-19,8736.2783203125
2024-06-20,9098.279296875
2024-06-21,9267.2119140625
2024-06-24,9267.2119140625
2024-06-25,9267.2119140625
2024-06-26,9170.6787109375
2024-06-27,9412.01171875
2024-06-28,9580.9462890625
2024-07-01,9532.6796875
2024-07-02,9556.8125
2024-07-03,9653.3466796875
2024-07-04,9484.4130859375
2024-07-05,9605.0791015625
2024-07-08,9701.6123046875
2024-07-09,9725.74609375
2024-07-10,9749.8798828125
2024-07-11,9725.74609375
2024-07-12,9725.74609375
2024-07-15,9701.6123046875
2024-07-16,9605.0791015625
2024-07-17,9460.279296875
2024-07-18,9749.8798828125
2024-07-19,9774.013671875
2024-07-22,9749.8798828125
2024-07-23,9822.279296875
2024-07-24,9725.74609375
2024-07-25,9942.9462890625
2024-07-26,9967.080078125
2024-07-29,9894.6796875
2024-07-30,9822.279296875
2024-07-31,9918.8134765625
2024-08-01,10015.3466796875
2024-08-02,9846.4130859375
2024-08-05,9532.6796875
2024-08-06,9653.3466796875
2024-08-07,9749.8798828125
2024-08-08,9870.546875
2024-08-09,9798.146484375
2024-08-12,9846.4130859375
2024-08-13,9942.9462890625
2024-08-14,9846.4130859375
2024-08-15,9870.546875
2024-08-16,9967.080078125
2024-08-19,10015.3466796875
2024-08-20,10063.6142578125
2024-08-21,10063.6142578125
2024-08-22,9967.080078125
2024-08-23,9967.080078125
2024-08-26,9967.080078125
2024-08-27,9846.4130859375
2024-08-28,9991.212890625
2024-08-29,9870.546875
2024-08-30,9967.080078125
2024-09-02,9918.8134765625
2024-09-03,9822.279296875
2024-09-04,9942.9462890625
2024-09-05,9894.6796875
2024-09-06,9942.9462890625
2024-09-09,9918.8134765625
2024-09-10,9991.212890625
2024-09-11,10063.6142578125
2024-09-12,10111.8798828125
2024-09-13,10063.6142578125
2024-09-17,10136.013671875
2024-09-18,10256.6806640625
2024-09-19,10522.1474609375
2024-09-20,10401.48046875
2024-09-23,10570.4140625
2024-09-24,10425.6142578125
2024-09-25,10473.880859375
2024-09-26,10329.0810546875
2024-09-27,10280.8134765625
2024-09-30,9967.080078125
2024-10-01,10184.2802734375
2024-10-02,10136.013671875
2024-10-03,10087.74609375
2024-10-04,10111.8798828125
2024-10-07,9942.9462890625
2024-10-08,10039.48046875
2024-10-09,10063.6142578125
2024-10-10,10136.013671875
2024-10-11,10015.3466796875
2024-10-14,10136.013671875
2024-10-15,10256.6806640625
2024-10-16,10111.8798828125
2024-10-17,10353.212890625
2024-10-18,10377.3466796875
2024-10-21,10304.947265625
2024-10-22,10136.013671875
2024-10-23,10280.8134765625
2024-10-24,10329.0810546875
2024-10-25,10377.3466796875
2024-10-28,10232.546875
2024-10-29,10136.013671875
2024-10-30,9991.212890625
2024-10-31,9894.6796875
2024-11-01,10063.6142578125
2024-11-04,10015.3466796875
2024-11-05,10136.013671875
2024-11-06,10087.74609375
2024-11-07,9822.279296875
2024-11-08,9725.74609375
2024-11-11,9701.6123046875
2024-11-12,9798.146484375
2024-11-13,9798.146484375
2024-11-14,9749.8798828125
2024-11-15,9822.279296875
2024-11-18,9653.3466796875
2024-11-19,9580.9462890625
2024-11-20,9725.74609375
2024-11-21,9555.970703125
2024-11-22,9555.970703125
2024-11-25,9871.2685546875
2024-11-26,9701.4931640625
2024-11-28,9701.4931640625
2024-11-29,9701.4931640625
2024-12-02,9458.955078125
2024-12-03,9895.5224609375
2024-12-04,9895.5224609375
2024-12-05,9944.0302734375
2024-12-06,9774.25390625
2024-12-09,10041.044921875
2024-12-10,10041.044921875
2024-12-11,10113.806640625
2024-12-12,9871.2685546875
2024-12-13,9750.0
2024-12-16,9798.5078125
2024-12-17,9604.4775390625
2024-12-18,9507.462890625
2024-12-19,9386.1943359375
2024-12-20,9361.9404296875
2024-12-23,9483.208984375
2024-12-24,9458.955078125
2024-12-27,9507.462890625
2024-12-30,9386.1943359375
